City_ID,City,Country,Date,Lat,Lng,Max Temp,Humidity,Cloudiness,Wind Speed
0,Atasu,KZ,2022-07-10 19:09:48,48.6814,71.6433,64.22,67,77,11.65
1,Thompson,CA,2022-07-10 19:09:48,55.7435,-97.8558,84.36,26,100,6.6
2,Avarua,CK,2022-07-10 19:09:49,-21.2078,-159.775,73.45,53,40,5.75
3,Airai,TL,2022-07-10 19:09:49,-8.9266,125.4092,55.24,91,67,3.53
4,New Norfolk,AU,2022-07-10 19:09:49,-42.7826,147.0587,47.7,77,100,3.13
5,Hermanus,ZA,2022-07-10 19:09:50,-34.4187,19.2345,51.8,69,97,6.76
6,Baruun-Urt,MN,2022-07-10 19:09:50,46.6806,113.2792,61.99,51,100,8.05
7,Asau,RO,2022-07-10 19:09:51,46.4333,26.4,63.52,91,82,4.36
8,Baykit,RU,2022-07-10 19:09:51,61.67,96.37,50.23,92,0,5.08
9,Okhotsk,RU,2022-07-10 19:09:51,59.3833,143.3,57.34,93,46,5.91
10,Kapaa,US,2022-07-10 19:09:52,22.0752,-159.319,82.72,78,75,18.41
11,Marsh Harbour,BS,2022-07-10 19:05:30,26.5412,-77.0636,84.47,70,24,7.96
12,Port Alfred,ZA,2022-07-10 19:09:52,-33.5906,26.891,60.62,77,100,8.66
13,Dubti,ET,2022-07-10 19:09:53,11.7361,41.0853,80.35,66,100,21.05
14,Shetpe,KZ,2022-07-10 19:09:53,44.1667,52.1167,85.93,15,0,8.46
15,Hobart,AU,2022-07-10 19:05:21,-42.8794,147.3294,48.06,78,100,9.22
16,Vaini,TO,2022-07-10 19:09:54,-21.2,-175.2,73.56,88,40,8.05
17,Flinders,AU,2022-07-10 19:09:54,-34.5833,150.8552,53.19,88,74,4.0
18,Adrar,MR,2022-07-10 19:09:54,20.5022,-10.0711,105.91,6,0,10.56
19,Humaita,BR,2022-07-10 19:09:55,-7.5061,-63.0208,88.09,50,93,2.19
20,Albany,US,2022-07-10 19:09:55,42.6001,-73.9662,82.58,35,98,3.74
21,Geraldton,AU,2022-07-10 19:06:00,-28.7667,114.6,46.81,93,59,3.44
22,Fortuna,US,2022-07-10 19:09:56,40.5982,-124.1573,70.93,76,75,3.0
23,Tiksi,RU,2022-07-10 19:09:56,71.6872,128.8694,55.4,58,6,2.19
24,Benjamin Constant,BR,2022-07-10 19:09:56,-4.3831,-70.0311,80.73,78,40,4.61
25,Jamestown,US,2022-07-10 19:09:57,42.097,-79.2353,82.06,31,0,4.0
26,Kaitangata,NZ,2022-07-10 19:09:57,-46.2817,169.8464,37.98,86,62,5.23
27,Yumen,CN,2022-07-10 19:09:57,40.2833,97.2,74.21,44,85,8.28
28,Avera,US,2022-07-10 19:09:58,33.194,-82.5271,87.55,47,79,6.04
29,Bredasdorp,ZA,2022-07-10 19:09:59,-34.5322,20.0403,50.9,86,65,5.97
30,Boguchany,RU,2022-07-10 19:09:59,58.3814,97.4531,60.12,99,68,4.68
31,Iqaluit,CA,2022-07-10 19:09:59,63.7506,-68.5145,40.62,76,76,5.21
32,Chuguyevka,RU,2022-07-10 19:10:00,44.1653,133.8633,65.12,98,100,2.3
33,Hilo,US,2022-07-10 19:10:00,19.7297,-155.09,82.27,96,100,10.36
34,Mataura,NZ,2022-07-10 19:10:01,-46.1927,168.8643,32.49,95,94,3.13
35,Cape Town,ZA,2022-07-10 19:05:08,-33.9258,18.4232,55.11,88,47,3.0
36,Ushuaia,AR,2022-07-10 19:09:32,-54.8,-68.3,33.46,69,75,8.05
37,Punta Arenas,CL,2022-07-10 19:08:49,-53.15,-70.9167,35.71,69,75,2.3
38,Isangel,VU,2022-07-10 19:10:02,-19.55,169.2667,76.03,87,11,8.16
39,Chokurdakh,RU,2022-07-10 19:10:02,70.6333,147.9167,60.26,52,100,10.76
40,Severo-Kurilsk,RU,2022-07-10 19:07:09,50.6789,156.125,60.17,72,100,6.73
41,Lazaro Cardenas,MX,2022-07-10 19:07:06,17.9583,-102.2,87.67,60,37,6.4
42,Sitka,US,2022-07-10 19:10:03,57.0531,-135.33,58.89,67,100,10.36
43,Tsiroanomandidy,MG,2022-07-10 19:10:04,-18.7667,46.0333,58.12,67,0,5.73
44,Upernavik,GL,2022-07-10 19:05:46,72.7868,-56.1549,38.66,85,54,3.58
45,Lodja,CD,2022-07-10 19:11:04,-3.4833,23.4333,77.49,31,30,1.32
46,Sipoo,FI,2022-07-10 19:11:05,60.3775,25.2691,64.99,77,0,3.44
47,Mishelevka,RU,2022-07-10 19:11:05,52.8575,103.1719,55.85,89,100,4.65
48,Ucluelet,CA,2022-07-10 19:11:06,48.9329,-125.5528,60.1,92,100,1.01
49,Muravlenko,RU,2022-07-10 19:11:06,63.7898,74.523,62.08,66,24,8.72
50,Kavieng,PG,2022-07-10 19:11:06,-2.5744,150.7967,81.3,78,44,11.18
51,Pirovskoye,RU,2022-07-10 19:11:07,57.6267,92.2658,62.76,89,3,7.74
52,Faanui,PF,2022-07-10 19:11:07,-16.4833,-151.75,78.58,71,95,20.2
53,Nishihara,JP,2022-07-10 19:11:08,26.1842,127.7558,82.06,94,75,5.75
54,Kushima,JP,2022-07-10 19:11:08,31.4583,131.2333,74.66,92,96,2.71
55,Luwuk,ID,2022-07-10 19:11:08,-0.9516,122.7875,74.52,91,100,4.09
56,Mar Del Plata,AR,2022-07-10 19:11:09,-38.0023,-57.5575,58.08,70,100,10.0
57,Kutum,SD,2022-07-10 19:11:09,14.2,24.6667,88.39,21,95,4.97
58,Waitati,NZ,2022-07-10 19:11:10,-45.75,170.5667,38.8,75,68,4.21
59,Bengkulu,ID,2022-07-10 19:11:10,-3.8004,102.2655,74.48,89,99,3.76
60,Fairbanks,US,2022-07-10 19:11:07,64.8378,-147.7164,64.36,92,100,4.61
61,Busselton,AU,2022-07-10 19:11:11,-33.65,115.3333,54.97,65,96,3.04
62,Socorro,US,2022-07-10 19:11:11,31.6546,-106.3033,96.51,27,40,9.22
63,Qaanaaq,GL,2022-07-10 19:11:11,77.484,-69.3632,44.58,70,100,3.38
64,Kinablangan,PH,2022-07-10 19:11:12,7.6947,126.5503,78.24,83,58,3.65
65,Son La,VN,2022-07-10 19:11:12,21.3167,103.9,69.48,98,52,2.17
66,Taltal,CL,2022-07-10 19:07:13,-25.4,-70.4833,61.47,51,0,3.58
67,San Cristobal,VE,2022-07-10 19:11:13,7.7669,-72.225,78.98,46,96,7.2
68,Salair,RU,2022-07-10 19:11:13,54.2312,85.7972,59.11,83,0,2.73
69,Cherskiy,RU,2022-07-10 19:11:14,68.75,161.3,49.95,60,100,7.76
70,San Quintin,MX,2022-07-10 19:11:14,30.4833,-115.95,74.57,65,6,14.79
71,Zhigansk,RU,2022-07-10 19:11:15,66.7697,123.3711,55.33,67,9,7.72
72,Marau,BR,2022-07-10 19:11:15,-28.4492,-52.2,68.36,76,100,7.52
73,Tuatapere,NZ,2022-07-10 19:11:16,-46.1333,167.6833,33.67,93,78,4.21
74,Balkanabat,TM,2022-07-10 19:11:16,39.5108,54.3671,90.63,15,0,12.39
75,Odweyne,SO,2022-07-10 19:11:16,9.4092,45.064,71.35,49,90,22.48
76,Guerrero Negro,MX,2022-07-10 19:08:47,27.9769,-114.0611,77.32,59,15,15.55
77,Barrow,US,2022-07-10 19:11:17,71.2906,-156.7887,60.82,63,0,3.44
78,Manokwari,ID,2022-07-10 19:11:17,-0.8667,134.0833,77.92,83,100,6.2
79,Hithadhoo,MV,2022-07-10 19:11:18,-0.6,73.0833,82.65,69,100,2.82
80,Bluff,NZ,2022-07-10 19:11:18,-46.6,168.3333,32.81,79,80,14.92
81,Itarema,BR,2022-07-10 19:11:19,-2.9248,-39.9167,83.26,66,18,13.8
82,Khatanga,RU,2022-07-10 19:07:14,71.9667,102.5,47.8,61,93,12.68
83,Camacha,PT,2022-07-10 19:11:19,33.0833,-16.3333,67.42,78,75,21.85
84,Quatre Cocos,MU,2022-07-10 19:11:20,-20.2078,57.7625,70.09,60,93,21.77
85,Gambissara,SN,2022-07-10 19:11:20,13.2382,-14.3108,88.66,59,52,7.11
86,Egvekinot,RU,2022-07-10 19:11:21,66.3167,-179.1667,42.89,91,100,5.55
87,Betsiamites,CA,2022-07-10 19:11:21,48.9413,-68.646,66.16,53,29,11.68
88,Butaritari,KI,2022-07-10 19:11:21,3.0707,172.7902,81.75,79,23,16.98
89,Jasper,US,2022-07-10 19:11:22,37.2001,-94.3502,91.45,45,0,6.91
90,Pacific Grove,US,2022-07-10 19:12:22,36.6177,-121.9166,74.34,84,75,9.22
91,Mayumba,GA,2022-07-10 19:12:23,-3.432,10.6554,69.48,86,10,6.2
92,Huallanca,PE,2022-07-10 19:12:23,-9.8993,-76.9417,60.1,38,91,8.37
93,Chatrapur,IN,2022-07-10 19:12:24,19.35,84.9833,81.61,86,94,2.75
94,Kolondieba,ML,2022-07-10 19:12:24,11.0882,-6.8926,80.87,67,100,6.22
95,Nyrob,RU,2022-07-10 19:12:24,60.733,56.7202,67.01,86,92,2.33
96,Ferme-Neuve,CA,2022-07-10 19:12:25,46.7001,-75.4493,79.09,35,100,7.74
97,Sinnamary,GF,2022-07-10 19:10:02,5.3833,-52.95,81.7,78,20,7.72
98,Virginia Beach,US,2022-07-10 19:12:25,36.8529,-75.978,71.64,94,100,9.22
99,Kloulklubed,PW,2022-07-10 19:12:26,7.0419,134.2556,83.43,70,97,5.06
100,Naze,JP,2022-07-10 19:12:26,28.3667,129.4833,78.4,90,8,4.54
101,Meulaboh,ID,2022-07-10 19:09:37,4.1363,96.1285,76.98,88,100,2.95
102,Lugovoy,KZ,2022-07-10 19:12:27,42.9472,72.7644,70.54,35,15,2.44
103,Souillac,MU,2022-07-10 19:12:27,-20.5167,57.5167,70.18,68,40,17.27
104,Tasiilaq,GL,2022-07-10 19:12:27,65.6145,-37.6368,50.16,78,45,2.84
105,Torbay,CA,2022-07-10 19:12:28,47.6666,-52.7314,69.76,56,0,18.84
106,Puerto Ayora,EC,2022-07-10 19:12:28,-0.7393,-90.3518,78.76,85,56,5.99
107,Dikson,RU,2022-07-10 19:12:29,73.5069,80.5464,37.89,90,100,5.21
108,Saldanha,ZA,2022-07-10 19:12:29,-33.0117,17.9442,56.44,77,42,10.74
109,Vanimo,PG,2022-07-10 19:12:29,-2.6741,141.3028,76.3,88,100,4.32
110,Mangrol,IN,2022-07-10 19:12:30,21.1167,70.1167,82.17,82,99,20.67
111,Itamaraju,BR,2022-07-10 19:12:30,-17.0392,-39.5311,77.95,52,2,9.04
112,Lerwick,GB,2022-07-10 19:12:30,60.1545,-1.1494,53.6,90,100,14.83
113,Chaves,US,2022-07-10 19:12:31,33.3834,-104.4505,99.01,18,0,12.66
114,Coquimbo,CL,2022-07-10 19:11:02,-29.9533,-71.3436,60.53,72,75,9.22
115,Kavaratti,IN,2022-07-10 19:09:33,10.5669,72.642,81.37,81,100,19.13
116,Rikitea,PF,2022-07-10 19:12:31,-23.1203,-134.9692,72.54,79,25,6.33
117,Goderich,CA,2022-07-10 19:12:32,43.7501,-81.7165,71.91,61,0,5.86
118,Matagami,CA,2022-07-10 19:12:32,49.7502,-77.6328,74.08,42,100,12.91
119,Aasiaat,GL,2022-07-10 19:12:33,68.7098,-52.8699,38.48,85,90,9.46
120,Laiyang,CN,2022-07-10 19:12:33,36.9758,120.7136,74.05,95,4,1.68
121,Port Elizabeth,ZA,2022-07-10 19:09:03,-33.918,25.5701,54.1,81,44,15.9
122,Fujin,CN,2022-07-10 19:12:34,47.26,132.0322,66.47,90,100,6.33
123,Princeton,US,2022-07-10 19:09:05,25.5384,-80.4089,93.99,62,40,10.36
124,Tuktoyaktuk,CA,2022-07-10 19:12:34,69.4541,-133.0374,41.94,87,79,9.46
125,Provideniya,RU,2022-07-10 19:12:35,64.3833,-173.3,48.99,90,100,4.88
126,Sistranda,NO,2022-07-10 19:12:35,63.7256,8.834,53.56,69,100,1.07
127,Vao,NC,2022-07-10 19:12:35,-22.6667,167.4833,75.92,80,21,20.92
128,Zabid,YE,2022-07-10 19:12:36,14.1951,43.3152,91.58,47,100,12.48
129,Atuona,PF,2022-07-10 19:10:20,-9.8,-139.0333,77.41,77,58,17.85
130,Punta Alta,AR,2022-07-10 19:12:36,-38.8759,-62.0736,57.74,40,81,14.14
131,Khuzdar,PK,2022-07-10 19:12:37,27.7384,66.6434,78.17,72,81,5.59
132,Pedernales,DO,2022-07-10 19:12:37,18.0384,-71.744,86.41,61,100,6.08
133,Lompoc,US,2022-07-10 19:08:49,34.6391,-120.4579,77.14,81,100,15.01
134,Taoudenni,ML,2022-07-10 19:12:37,22.6783,-3.9836,108.25,7,3,9.69
135,Salalah,OM,2022-07-10 19:12:38,17.0151,54.0924,77.09,100,100,5.75
136,Tuy Hoa,VN,2022-07-10 19:12:38,13.0833,109.3,77.5,83,100,7.16
137,Vega De Alatorre,MX,2022-07-10 19:12:39,20.0333,-96.6333,86.94,63,96,8.63
138,Nanortalik,GL,2022-07-10 19:12:39,60.1432,-45.2371,43.27,85,65,6.24
139,Sterna,GR,2022-07-10 19:13:39,41.5653,26.4593,72.97,47,100,6.29
140,Kharela,IN,2022-07-10 19:13:40,25.55,79.8167,95.32,38,24,8.59
141,Bethel,US,2022-07-10 19:11:47,41.3712,-73.414,83.62,41,0,5.75
142,Vila Velha,BR,2022-07-10 19:13:40,-20.3297,-40.2925,75.15,84,75,8.05
143,Saint-Pierre,RE,2022-07-10 19:13:41,-21.3393,55.4781,70.92,71,0,8.05
144,Derzhavinsk,KZ,2022-07-10 19:13:41,51.1,66.3167,66.27,74,51,9.75
145,Baglung,NP,2022-07-10 19:13:41,28.2719,83.5898,71.19,92,92,3.29
146,Labuhan,ID,2022-07-10 19:13:42,-6.8844,112.2051,76.14,85,14,6.22
147,Ribeira Grande,PT,2022-07-10 19:13:42,38.5167,-28.7,70.2,68,75,8.05
148,Ratnagiri,IN,2022-07-10 19:13:43,16.9833,73.3,80.28,83,100,19.06
149,Ponta Do Sol,PT,2022-07-10 19:13:43,32.6667,-17.1,80.71,73,4,3.89
150,Bambous Virieux,MU,2022-07-10 19:13:43,-20.3428,57.7575,70.21,68,40,17.27
151,Lasa,IT,2022-07-10 19:13:44,46.6166,10.7002,62.44,70,5,5.97
152,Sao Felix Do Xingu,BR,2022-07-10 19:13:44,-6.6447,-51.995,93.92,26,3,3.98
153,Hirara,JP,2022-07-10 19:13:45,24.8,125.2833,84.65,74,26,13.44
154,Pangody,RU,2022-07-10 19:13:45,65.85,74.4859,54.41,80,25,9.48
155,Axim,GH,2022-07-10 19:13:45,4.8699,-2.2405,76.14,83,76,7.85
156,Beringovskiy,RU,2022-07-10 19:13:46,63.05,179.3167,45.19,87,100,15.46
157,Cairns,AU,2022-07-10 19:09:30,-16.9167,145.7667,62.55,81,5,12.66
158,Srednekolymsk,RU,2022-07-10 19:13:46,67.45,153.6833,59.65,54,57,13.98
159,Awbari,LY,2022-07-10 19:13:47,26.5921,12.7805,92.25,22,70,8.32
160,Arona,ES,2022-07-10 19:13:47,28.0996,-16.681,73.92,61,0,8.05
161,Chuy,UY,2022-07-10 19:13:47,-33.6971,-53.4616,72.59,72,61,9.95
162,Tongchuan,CN,2022-07-10 19:13:48,35.0806,109.0897,73.31,87,63,7.27
163,Sioux Lookout,CA,2022-07-10 19:13:48,50.1001,-91.917,73.47,88,100,5.75
164,Nikel,RU,2022-07-10 19:13:49,69.4128,30.222,55.58,94,100,13.09
165,East London,ZA,2022-07-10 19:10:21,-33.0153,27.9116,61.32,76,98,8.66
166,Saint-Joseph,RE,2022-07-10 19:13:49,-21.3667,55.6167,62.98,75,27,15.79
167,Kruisfontein,ZA,2022-07-10 19:13:50,-34.0033,24.7314,51.89,87,67,13.13
168,Clyde River,CA,2022-07-10 19:13:50,70.4692,-68.5914,46.38,67,100,3.13
169,Mashhad,IR,2022-07-10 19:13:50,36.297,59.6062,77.14,31,0,4.61
170,Namatanai,PG,2022-07-10 19:13:51,-3.6667,152.4333,78.12,78,70,5.61
171,Carnarvon,AU,2022-07-10 19:11:07,-24.8667,113.6333,61.3,60,0,18.63
172,Esperance,AU,2022-07-10 19:13:51,-33.8667,121.9,54.99,75,71,8.97
173,Arroyo,ES,2022-07-10 19:13:52,41.6096,-4.7969,94.14,16,0,4.61
174,Ferrol,ES,2022-07-10 19:13:52,43.4832,-8.2369,72.23,79,38,4.41
175,Yellowknife,CA,2022-07-10 19:13:52,62.456,-114.3525,69.35,59,100,3.78
176,Muzhi,RU,2022-07-10 19:13:53,65.3667,64.6667,57.88,70,5,5.46
177,Channel-Port Aux Basques,CA,2022-07-10 19:13:53,47.5702,-59.1367,58.08,81,0,19.64
178,Jurm,AF,2022-07-10 19:13:54,36.8648,70.8342,68.76,37,1,2.24
179,Grevena,GR,2022-07-10 19:13:54,40.0845,21.4274,70.81,57,86,3.02
180,Mahebourg,MU,2022-07-10 19:13:55,-20.4081,57.7,70.25,68,40,17.27
181,Nicoya,CR,2022-07-10 19:13:55,10.1483,-85.452,81.36,81,100,2.26
182,Manta,EC,2022-07-10 19:13:55,-0.95,-80.7333,78.58,73,75,9.22
183,Lorengau,PG,2022-07-10 19:13:56,-2.0226,147.2712,81.3,74,31,8.84
184,Vostok,RU,2022-07-10 19:14:56,46.4856,135.8833,60.66,94,100,2.59
185,Muncar,ID,2022-07-10 19:14:57,-8.4333,114.3333,74.75,93,75,1.07
186,San Patricio,US,2022-07-10 19:14:57,28.017,-97.5169,100.35,30,7,5.08
187,Dudinka,RU,2022-07-10 19:13:00,69.4058,86.1778,51.62,64,22,7.99
188,Berlevag,NO,2022-07-10 19:14:57,70.8578,29.0864,58.8,87,0,12.66
189,Kodiak,US,2022-07-10 19:14:58,57.79,-152.4072,56.71,67,100,9.22
190,Malindi,KE,2022-07-10 19:10:12,-3.2175,40.1191,75.63,74,5,18.81
191,Tura,IN,2022-07-10 19:14:58,25.5198,90.2201,74.93,93,98,4.56
192,Saint Marys,US,2022-07-10 19:10:39,30.7305,-81.5465,87.12,74,75,11.5
193,Aksu,CN,2022-07-10 19:14:59,41.1231,80.2644,73.63,37,48,5.28
194,Kota Kinabalu,MY,2022-07-10 19:14:59,5.9749,116.0724,75.18,94,20,3.44
195,Erenhot,CN,2022-07-10 19:15:00,43.6475,111.9767,74.93,30,30,9.46
196,Saskylakh,RU,2022-07-10 19:11:55,71.9167,114.0833,47.35,80,100,11.32
197,Ofunato,JP,2022-07-10 19:15:00,39.0717,141.7167,71.22,95,78,2.04
198,Lata,PT,2022-07-10 19:15:01,40.1629,-8.3327,74.07,40,2,5.46
199,Kadiri,IN,2022-07-10 19:15:01,14.1167,78.1667,72.59,81,100,19.77
200,Luderitz,NA,2022-07-10 19:15:02,-26.6481,15.1594,57.09,76,0,14.23
201,Lebu,CL,2022-07-10 19:15:02,-37.6167,-73.65,50.85,76,4,8.25
202,Naryan-Mar,RU,2022-07-10 19:15:02,67.6713,53.087,52.32,82,100,8.41
203,Broome,US,2022-07-10 19:15:03,42.2506,-75.833,81.01,40,0,1.99
204,Arraial Do Cabo,BR,2022-07-10 19:15:03,-22.9661,-42.0278,75.06,69,0,21.85
205,Stephenville,US,2022-07-10 19:11:42,32.2207,-98.2023,103.87,24,0,5.75
206,San Andres,CO,2022-07-10 19:15:04,12.5847,-81.7006,77.02,100,100,10.36
207,Nikolskoye,RU,2022-07-10 19:15:05,59.7035,30.7861,63.79,98,38,3.44
208,Barra Do Garcas,BR,2022-07-10 19:15:05,-15.89,-52.2567,90.1,20,9,6.44
209,Faya,SA,2022-07-10 19:15:06,18.3851,42.4509,68.52,50,94,4.25
210,Podgorica,ME,2022-07-10 19:15:06,42.4411,19.2636,80.38,24,0,9.22
211,Beyneu,KZ,2022-07-10 19:15:07,45.3167,55.2,87.46,21,0,9.17
212,Mattru,SL,2022-07-10 19:15:07,7.6244,-11.8332,73.47,96,69,3.6
213,Linkou,CN,2022-07-10 19:15:08,45.3,130.2833,63.86,93,100,2.51
214,Cidreira,BR,2022-07-10 19:15:08,-30.1811,-50.2056,66.2,82,100,8.93
215,Eureka,US,2022-07-10 19:12:01,40.8021,-124.1637,71.2,76,21,7.0
216,Castro,BR,2022-07-10 19:15:08,-24.7911,-50.0119,69.4,57,6,7.16
217,Saint-Philippe,RE,2022-07-10 19:15:09,-21.3585,55.7679,63.99,77,51,16.02
218,Payson,US,2022-07-10 19:15:09,40.0444,-111.7321,94.46,22,0,6.91
219,Ahipara,NZ,2022-07-10 19:15:10,-35.1667,173.1667,56.53,87,100,6.2
220,Saint George,US,2022-07-10 19:15:10,37.1041,-113.5841,105.64,11,0,10.36
221,Buchanan,LR,2022-07-10 19:15:11,5.8808,-10.0467,76.73,76,66,10.54
222,Liepaja,LV,2022-07-10 19:15:11,56.5419,21.0367,58.98,77,0,2.3
223,Palmer,US,2022-07-10 19:15:11,42.1584,-72.3287,81.77,35,5,1.99
224,Ritchie,ZA,2022-07-10 19:15:12,-29.038,24.6028,40.21,57,4,11.5
225,Tazmalt,DZ,2022-07-10 19:15:12,36.3868,4.3989,80.76,38,0,5.5
226,Hami,CN,2022-07-10 19:15:13,42.8,93.45,84.61,16,100,10.63
227,Longyearbyen,SJ,2022-07-10 19:13:54,78.2186,15.6401,46.24,76,75,9.22
228,Korla,CN,2022-07-10 19:16:13,41.7597,86.1469,81.32,21,40,5.46
229,Zheleznodorozhnyy,RU,2022-07-10 19:16:14,55.7503,38.0042,67.55,91,98,4.81
230,San Pedro De Macoris,DO,2022-07-10 19:16:14,18.4616,-69.2972,92.01,66,82,11.36
231,Seidu,SL,2022-07-10 19:16:15,9.0167,-10.6,70.77,94,56,3.44
232,Zabaykalsk,RU,2022-07-10 19:16:15,49.6333,117.3167,57.25,65,55,7.09
233,Batemans Bay,AU,2022-07-10 19:16:16,-35.7167,150.1833,50.09,86,93,5.1
234,Talnakh,RU,2022-07-10 19:16:16,69.4865,88.3972,51.21,60,26,5.5
235,Toora-Khem,RU,2022-07-10 19:16:16,52.4675,96.11,52.52,69,63,2.19
236,Hareid,NO,2022-07-10 19:16:17,62.3714,6.0263,58.53,81,82,1.01
237,Hovd,MN,2022-07-10 19:11:51,48.0056,91.6419,58.6,54,14,4.97
238,Shubarkuduk,KZ,2022-07-10 19:16:18,49.1447,56.4872,75.74,39,6,4.65
239,Cayenne,GF,2022-07-10 19:16:18,4.9333,-52.3333,84.09,1,100,2.3
240,Buala,SB,2022-07-10 19:16:18,-8.145,159.5921,78.64,81,100,3.74
241,Lubao,PH,2022-07-10 19:16:19,14.9167,120.55,82.11,90,48,3.56
242,College,US,2022-07-10 19:16:19,64.8569,-147.8028,64.35,91,75,4.61
243,Namibe,AO,2022-07-10 19:16:20,-15.1961,12.1522,64.13,85,0,2.62
244,Husavik,IS,2022-07-10 19:16:20,66.0449,-17.3389,55.56,83,100,4.12
245,Peniche,PT,2022-07-10 19:16:21,39.3558,-9.3811,77.29,78,0,13.33
246,Maloy,NO,2022-07-10 19:16:21,61.9353,5.1136,53.33,73,100,6.4
247,Port Blair,IN,2022-07-10 19:11:57,11.6667,92.75,81.75,84,100,20.67
248,Terney,RU,2022-07-10 19:16:22,45.0503,136.6092,62.51,92,100,1.03
249,Saraza,PH,2022-07-10 19:16:22,8.7356,117.78,77.45,87,100,7.14
250,Pevek,RU,2022-07-10 19:16:23,69.7008,170.3133,32.45,87,100,4.38
251,Saint Anthony,US,2022-07-10 19:15:20,45.0205,-93.218,87.69,72,0,11.5
252,Staryy Nadym,RU,2022-07-10 19:16:23,65.6118,72.6842,55.67,77,8,9.19
253,Aquiraz,BR,2022-07-10 19:16:24,-3.9014,-38.3911,84.29,72,28,10.18
254,Haines Junction,CA,2022-07-10 19:16:24,60.7522,-137.5108,60.75,51,100,0.0
255,Roxas,PH,2022-07-10 19:16:24,11.5853,122.7511,75.15,89,100,5.68
256,Sao Joao Da Barra,BR,2022-07-10 19:16:25,-21.6403,-41.0511,75.29,73,100,14.97
257,Gigmoto,PH,2022-07-10 19:12:14,13.7796,124.39,80.42,84,100,4.03
258,Pangai,TO,2022-07-10 19:16:25,-19.8,-174.35,77.11,83,20,13.8
259,Boa Vista,BR,2022-07-10 19:16:26,2.8197,-60.6733,85.98,70,40,2.3
260,Bykovo,RU,2022-07-10 19:16:26,55.6361,38.0803,67.73,77,0,6.71
261,Novorzhev,RU,2022-07-10 19:16:26,57.0294,29.3338,57.78,92,95,1.7
262,Maningrida,AU,2022-07-10 19:16:27,-12.0667,134.2667,57.18,92,87,9.75
263,Narsaq,GL,2022-07-10 19:11:51,60.9167,-46.05,59.22,72,10,7.38
264,Grindavik,IS,2022-07-10 19:16:27,63.8424,-22.4338,52.27,93,100,13.8
265,Ondjiva,AO,2022-07-10 19:16:28,-17.0667,15.7333,62.29,33,0,7.25
266,Muzaffarabad,PK,2022-07-10 19:16:28,34.37,73.4711,76.46,91,41,2.04
267,Hofn,IS,2022-07-10 19:16:29,64.2539,-15.2082,50.52,99,100,10.67
268,Mahibadhoo,MV,2022-07-10 19:16:29,3.7833,72.9667,82.15,76,100,11.5
269,Nabire,ID,2022-07-10 19:16:29,-3.3667,135.4833,74.75,93,62,3.83
270,Solginskiy,RU,2022-07-10 19:16:30,61.05,41.3428,64.69,94,100,8.55
271,Kimbe,PG,2022-07-10 19:16:30,-5.5502,150.1429,73.87,91,97,3.85
272,Binzhou,CN,2022-07-10 19:16:30,37.3667,118.0167,70.93,92,0,5.21
273,Ancud,CL,2022-07-10 19:16:31,-41.8697,-73.8203,46.22,87,98,10.47
274,Georgetown,MY,2022-07-10 19:15:19,5.4112,100.3354,83.89,85,20,0.0
275,Aklavik,CA,2022-07-10 19:16:31,68.2191,-135.0107,55.4,94,100,8.05
276,Kamenka,RU,2022-07-10 19:17:32,51.3223,42.7678,72.81,51,64,13.0
277,Codrington,AU,2022-07-10 19:17:32,-38.2667,141.9667,48.25,68,100,16.31
278,Taiyuan,CN,2022-07-10 19:17:32,37.8694,112.5603,69.66,73,0,2.24
279,Mackay,AU,2022-07-10 19:17:33,-21.15,149.2,45.68,64,0,9.44
280,Fez,MA,2022-07-10 19:17:33,34.0372,-4.9998,98.85,28,0,6.91
281,Nantucket,US,2022-07-10 19:12:37,41.2835,-70.0995,75.34,68,0,8.05
282,Marzuq,YE,2022-07-10 19:17:34,14.4,46.4667,79.34,35,100,12.35
283,Pitimbu,BR,2022-07-10 19:17:34,-7.4706,-34.8086,81.19,75,4,14.56
284,Wau,SS,2022-07-10 19:17:34,7.7029,27.9953,70.99,96,100,3.67
285,Tezu,IN,2022-07-10 19:17:23,27.9167,96.1667,77.07,94,85,3.8
286,Falmouth,GB,2022-07-10 19:17:35,50.1544,-5.0711,74.3,64,0,11.5
287,Porto Uniao,BR,2022-07-10 19:17:35,-26.2381,-51.0783,74.17,52,100,1.72
288,Padang,ID,2022-07-10 19:17:36,-0.9492,100.3543,76.3,87,100,3.76
289,Murray,US,2022-07-10 19:17:36,40.6669,-111.888,98.24,21,0,9.22
290,Victoria,HK,2022-07-10 19:17:23,22.2855,114.1577,86.32,85,70,4.0
291,Shenjiamen,CN,2022-07-10 19:17:37,29.9576,122.298,77.85,94,100,16.55
292,Terrace Bay,CA,2022-07-10 19:17:37,48.7834,-87.1,52.83,88,100,5.03
293,Havelock,US,2022-07-10 19:17:38,34.8791,-76.9013,82.38,91,100,12.66
294,Tautira,PF,2022-07-10 19:17:38,-17.7333,-149.15,77.74,75,75,19.55
295,Burnie,AU,2022-07-10 19:17:38,-41.0667,145.9167,51.94,71,100,12.97
296,Narasannapeta,IN,2022-07-10 19:17:39,18.4167,84.05,80.17,86,43,5.61
297,Arkhara,RU,2022-07-10 19:17:39,49.4212,130.0842,59.85,94,100,4.07
298,Norman Wells,CA,2022-07-10 19:17:40,65.282,-126.8329,73.44,46,75,6.91
299,Banda Aceh,ID,2022-07-10 19:17:40,5.5577,95.3222,81.16,77,100,17.47
300,Dalvik,IS,2022-07-10 19:17:40,65.9702,-18.5286,55.33,82,100,3.87
301,Amurzet,RU,2022-07-10 19:17:41,47.6967,131.0981,62.78,94,27,6.08
302,Alofi,NU,2022-07-10 19:17:41,-19.0595,-169.9187,75.09,83,80,16.11
303,Nagod,IN,2022-07-10 19:17:41,24.5667,80.6,90.07,47,24,6.13
304,Rio Grande,BR,2022-07-10 19:17:42,-32.035,-52.0986,80.71,79,70,11.41
305,Francisco Beltrao,BR,2022-07-10 19:17:42,-26.0811,-53.055,73.78,61,56,8.3
306,Nampa,US,2022-07-10 19:17:43,43.5407,-116.5635,84.85,34,0,10.36
307,Karaton,ID,2022-07-10 19:17:43,-6.3424,106.1045,72.16,88,90,2.21
308,Port Lincoln,AU,2022-07-10 19:17:43,-34.7333,135.8667,54.28,48,100,17.11
309,Buraydah,SA,2022-07-10 19:17:44,26.326,43.975,95.45,7,94,11.48
310,Luba,GQ,2022-07-10 19:17:44,3.4568,8.5547,78.69,85,83,10.71
311,Cabo San Lucas,MX,2022-07-10 19:13:40,22.8909,-109.9124,95.61,36,0,11.5
312,Pringsewu,ID,2022-07-10 19:17:45,-5.3582,104.9744,70.74,96,99,0.96
313,Bathsheba,BB,2022-07-10 19:16:40,13.2167,-59.5167,86.61,85,40,20.71
314,Tecoanapa,MX,2022-07-10 19:17:45,16.5167,-98.75,86.38,69,5,9.8
315,Yar-Sale,RU,2022-07-10 19:17:46,66.8333,70.8333,52.61,83,47,9.82
316,Wamba,NG,2022-07-10 19:17:46,8.9333,8.6,74.68,82,74,2.62
317,Hambantota,LK,2022-07-10 19:17:47,6.1241,81.1185,80.89,79,100,19.39
318,Ust-Tsilma,RU,2022-07-10 19:17:47,65.441,52.1498,63.19,57,16,3.38
319,Mangla,PK,2022-07-10 19:17:47,31.8931,72.3817,93.22,56,85,3.22
320,Senneterre,CA,2022-07-10 19:17:48,48.3835,-77.2328,75.52,45,100,10.54
321,Ichhawar,IN,2022-07-10 19:17:48,23.0167,77.0167,75.92,85,91,5.55
322,Kununurra,AU,2022-07-10 19:18:48,-15.7667,128.7333,55.38,54,9,8.05
323,Green River,US,2022-07-10 19:18:49,41.5286,-109.4662,90.19,16,2,5.01
324,Ola,RU,2022-07-10 19:18:49,59.5833,151.2833,56.97,84,19,1.66
325,Griffith,US,2022-07-10 19:16:39,41.5284,-87.4237,87.26,44,0,6.91
326,Saint-Augustin,CA,2022-07-10 19:18:50,51.226,-58.6502,63.34,51,72,8.61
327,Sao Geraldo Do Araguaia,BR,2022-07-10 19:18:50,-6.4006,-48.555,94.06,25,6,6.02
328,Tete,MZ,2022-07-10 19:18:51,-16.1564,33.5867,66.29,59,20,4.61
329,Tall Kayf,TR,2022-07-10 19:18:51,37.0833,41.0667,86.34,21,0,13.47
330,Xinyu,CN,2022-07-10 19:18:51,27.8043,114.9334,80.31,80,61,4.56
331,Yulara,AU,2022-07-10 19:18:52,-25.2406,130.9889,44.67,46,0,7.02
332,Astoria,US,2022-07-10 19:15:19,46.1879,-123.8313,71.71,73,100,5.75
333,Priiskovyy,RU,2022-07-10 19:18:52,51.9333,116.6333,51.84,91,9,3.76
334,Kijang,KR,2022-07-10 19:18:53,35.2442,129.2139,76.73,87,100,2.98
335,Juneau,US,2022-07-10 19:15:19,58.3019,-134.4197,56.21,94,100,14.97
336,Noumea,NC,2022-07-10 19:18:53,-22.2763,166.4572,75.99,99,43,4.72
337,Batticaloa,LK,2022-07-10 19:18:54,7.7102,81.6924,83.7,63,100,10.58
338,Pisco,PE,2022-07-10 19:14:37,-13.7,-76.2167,66.25,68,0,11.5
339,Kakinada,IN,2022-07-10 19:18:54,16.9333,82.2167,79.27,88,100,14.5
340,Hasaki,JP,2022-07-10 19:18:54,35.7333,140.8333,75.6,94,0,1.3
341,Varhaug,NO,2022-07-10 19:18:55,58.6147,5.6457,56.79,73,69,17.4
342,Lagoa,PT,2022-07-10 19:18:55,39.05,-27.9833,68.32,65,10,6.53
343,Afua,BR,2022-07-10 19:18:56,-0.1567,-50.3867,83.39,71,55,5.06
344,Sola,VU,2022-07-10 19:18:56,-13.8833,167.55,81.12,75,5,13.62
345,Pahalgam,IN,2022-07-10 19:18:56,34.0333,75.3333,61.36,87,50,0.81
346,Chara,RU,2022-07-10 19:18:57,56.9064,118.2631,54.36,84,100,3.53
347,Inhambane,MZ,2022-07-10 19:18:57,-23.865,35.3833,69.93,71,0,13.49
348,Jacareacanga,BR,2022-07-10 19:18:57,-6.2222,-57.7528,96.33,30,96,4.72
349,Imbituba,BR,2022-07-10 19:18:58,-28.24,-48.6703,72.86,90,94,8.99
350,Krasnyy Chikoy,RU,2022-07-10 19:18:58,50.3643,108.7512,51.33,81,100,2.06
351,Atar,MR,2022-07-10 19:18:59,20.5169,-13.0499,108.03,8,0,11.99
352,Esso,RU,2022-07-10 19:18:59,55.9333,158.7,69.64,75,0,2.1
353,Sobolevo,RU,2022-07-10 19:19:00,54.4299,31.8996,60.33,91,100,6.15
354,San Pedro,PH,2022-07-10 19:19:00,14.35,121.0167,82.31,87,75,3.44
355,Tevaitoa,PF,2022-07-10 19:19:00,-16.7833,-151.5,78.4,70,100,19.04
356,La Esperanza,GT,2022-07-10 19:19:01,14.8667,-91.5667,68.72,60,75,11.5
357,Pemba,MZ,2022-07-10 19:19:01,-12.974,40.5178,75.0,65,84,13.98
358,Kenai,US,2022-07-10 19:19:01,60.5544,-151.2583,60.89,80,0,8.05
359,Kalat,PK,2022-07-10 19:19:02,29.0225,66.5916,72.66,56,100,2.89
360,El Copey,CO,2022-07-10 19:19:02,10.1503,-73.9614,93.78,46,94,2.57
361,Miles City,US,2022-07-10 19:19:03,46.4083,-105.8406,85.17,34,0,18.41
362,Alappuzha,IN,2022-07-10 19:19:03,9.49,76.3264,77.0,87,97,15.21
363,Bria,CF,2022-07-10 19:19:04,6.5423,21.9863,70.39,95,100,4.29
364,Novogornyy,RU,2022-07-10 19:19:04,55.63,60.7919,63.16,88,87,4.45
365,Lavrentiya,RU,2022-07-10 19:19:04,65.5833,-171.0,48.33,85,100,5.21
366,Truth Or Consequences,US,2022-07-10 19:19:05,33.1284,-107.2528,96.91,24,0,0.0
367,Ternate,ID,2022-07-10 19:19:05,0.8,127.4,79.66,80,100,4.47
368,Abu Zabad,SD,2022-07-10 19:19:05,12.35,29.25,79.32,69,100,8.37
369,Ambilobe,MG,2022-07-10 19:20:06,-13.2,49.05,65.82,71,3,4.54
370,Katubao,PH,2022-07-10 19:20:06,5.8892,124.8294,79.77,75,55,4.14
371,Mehamn,NO,2022-07-10 19:20:07,71.0357,27.8492,55.35,82,0,4.61
372,Vila,PT,2022-07-10 19:15:42,42.0304,-8.1588,77.7,55,4,3.67
373,Xudat,AZ,2022-07-10 19:20:07,41.631,48.681,79.52,41,0,14.9
374,Karratha,AU,2022-07-10 19:20:08,-20.7377,116.8463,63.05,31,0,3.44
375,Pangnirtung,CA,2022-07-10 19:20:08,66.1451,-65.7125,50.0,81,20,10.36
376,Kailua,US,2022-07-10 19:16:25,21.4022,-157.7394,84.18,71,40,16.11
377,Khani,GE,2022-07-10 19:20:09,41.9563,42.9566,63.97,88,21,1.34
378,High Prairie,CA,2022-07-10 19:15:40,55.4334,-116.4858,65.95,53,90,15.84
379,Kiunga,PG,2022-07-10 19:20:10,-6.1219,141.2906,73.11,100,100,1.48
380,Kanlagay,PH,2022-07-10 19:20:10,5.8757,121.2915,79.54,84,100,5.82
381,Karpathos,GR,2022-07-10 19:20:10,35.507,27.2132,73.36,83,20,12.66
382,Riwaka,NZ,2022-07-10 19:20:11,-41.0833,173.0,44.82,82,100,5.26
383,Sao Filipe,CV,2022-07-10 19:20:11,14.8961,-24.4956,74.05,83,35,6.02
384,Jiayuguan,CN,2022-07-10 19:20:12,39.8167,98.3,70.29,52,25,3.04
385,Kangaba,ML,2022-07-10 19:20:12,11.9333,-8.4167,85.28,54,100,4.05
386,Dingle,PH,2022-07-10 19:20:13,10.9995,122.6711,76.55,93,98,5.01
387,Wanaka,NZ,2022-07-10 19:20:13,-44.7,169.15,27.1,86,100,1.99
388,Tottori,JP,2022-07-10 19:20:07,35.5,134.2333,75.34,89,100,4.79
389,Sawakin,SD,2022-07-10 19:20:14,19.1059,37.3321,93.27,52,100,13.18
390,Samarai,PG,2022-07-10 19:20:14,-10.6167,150.6667,80.91,73,34,11.14
391,Pecsvarad,HU,2022-07-10 19:20:14,46.1603,18.4232,65.98,42,1,12.39
392,Ostrovnoy,RU,2022-07-10 19:20:15,68.0531,39.5131,54.34,76,13,13.71
393,Mount Gambier,AU,2022-07-10 19:20:15,-37.8333,140.7667,48.06,61,100,13.96
394,Romodanovo,RU,2022-07-10 19:20:16,54.4275,45.3296,63.3,77,100,5.37
395,Show Low,US,2022-07-10 19:20:16,34.2542,-110.0298,86.65,30,75,5.75
396,Okha,RU,2022-07-10 19:20:16,53.5739,142.9478,64.92,86,100,10.74
397,Bowen,AU,2022-07-10 19:20:17,-20.0167,148.2333,53.85,61,0,8.1
398,Khromtau,KZ,2022-07-10 19:20:17,50.2503,58.4347,68.47,52,1,7.52
399,Rostov,RU,2022-07-10 19:20:18,57.1914,39.4139,63.43,96,100,9.95
400,Vagur,FO,2022-07-10 19:19:00,61.4732,-6.8119,51.85,94,96,21.36
401,Sambava,MG,2022-07-10 19:20:18,-14.2667,50.1667,69.39,86,100,14.99
402,Constitucion,CL,2022-07-10 19:19:13,-35.3333,-72.4167,53.69,68,11,1.81
403,Dingzhou,CN,2022-07-10 19:20:19,38.5131,114.9956,68.11,81,96,3.94
404,Vardo,NO,2022-07-10 19:20:19,70.3705,31.1107,51.78,93,100,4.61
405,Ciudad Bolivar,VE,2022-07-10 19:20:20,8.1222,-63.5497,86.14,64,80,13.09
406,Stokmarknes,NO,2022-07-10 19:20:20,68.5646,14.9108,55.38,82,40,8.05
407,Ukiah,US,2022-07-10 19:15:31,39.1502,-123.2078,95.43,33,0,0.0
408,Misratah,LY,2022-07-10 19:20:21,32.3754,15.0925,80.15,57,0,6.11
409,Abong Mbang,CM,2022-07-10 19:20:21,3.9833,13.1833,68.92,96,100,2.64
410,Hualmay,PE,2022-07-10 19:20:22,-11.0964,-77.6139,66.85,72,26,10.94
411,Rolante,BR,2022-07-10 19:20:22,-29.6506,-50.5758,77.67,69,100,3.15
412,Dosso,NE,2022-07-10 19:20:23,13.049,3.1937,85.26,48,100,7.92
413,Caravelas,BR,2022-07-10 19:21:23,-17.7125,-39.2481,76.06,64,5,6.38
414,Poum,NC,2022-07-10 19:21:23,-20.2333,164.0167,77.49,83,0,12.91
415,Oussouye,SN,2022-07-10 19:21:24,12.485,-16.5469,82.33,74,43,8.7
416,Lukovetskiy,RU,2022-07-10 19:21:24,64.2956,41.9211,64.29,65,99,3.78
417,Magna,US,2022-07-10 19:21:24,40.7091,-112.1016,97.97,20,40,8.99
418,Chiniot,PK,2022-07-10 19:21:25,31.72,72.9789,93.58,53,96,5.88
419,Leh,IN,2022-07-10 19:21:25,34.1667,77.5833,67.08,46,32,6.73
420,Jibuti,DJ,2022-07-10 19:21:26,11.5,42.5,80.11,50,100,5.68
421,Hammerfest,NO,2022-07-10 19:21:26,70.6634,23.6821,57.65,72,20,9.22
422,Laguna,US,2022-07-10 19:21:26,38.421,-121.4238,93.34,33,0,8.05
423,Port Keats,AU,2022-07-10 19:21:27,-14.25,129.55,59.99,43,77,8.23
424,Methven,NZ,2022-07-10 19:21:27,-43.6333,171.65,28.9,100,23,0.92
425,Chowchilla,US,2022-07-10 19:21:28,37.123,-120.2602,97.02,30,0,5.75
426,Menomonie,US,2022-07-10 19:20:25,44.8755,-91.9193,82.42,65,17,16.91
427,North Bend,US,2022-07-10 19:21:28,43.4065,-124.2243,80.24,73,0,13.8
428,Alice Springs,AU,2022-07-10 19:21:29,-23.7,133.8833,27.95,80,0,4.61
429,Marion,US,2022-07-10 19:21:29,39.7684,-86.1555,86.38,38,20,8.05
430,Mahon,ES,2022-07-10 19:21:29,39.8885,4.2658,77.56,69,0,3.44
431,Samandag,TR,2022-07-10 19:21:30,36.0842,35.9771,81.12,84,39,10.02
432,Zhanaozen,KZ,2022-07-10 19:21:30,43.3,52.8,86.49,15,0,6.38
433,Talcahuano,CL,2022-07-10 19:21:30,-36.7167,-73.1167,55.08,58,40,4.61
434,Omaruru,NA,2022-07-10 19:21:31,-21.4333,15.9333,52.59,28,0,4.21
435,Tilichiki,RU,2022-07-10 19:21:31,60.4667,166.1,55.36,67,25,5.28
436,Jalu,LY,2022-07-10 19:17:47,29.0331,21.5482,85.5,38,0,19.22
437,Sisophon,KH,2022-07-10 19:21:32,13.5859,102.9737,74.89,95,100,9.64
438,Shuyskoye,RU,2022-07-10 19:21:32,59.3736,41.0305,59.22,96,100,4.92
439,Severnyy,RU,2022-07-10 19:21:33,50.677,36.5532,69.84,68,0,8.95
440,Komsomolskiy,UZ,2022-07-10 19:19:02,40.4272,71.7189,77.72,41,64,4.61
441,Nyagan,RU,2022-07-10 19:21:33,62.1406,65.3936,64.89,58,62,4.74
442,Sao Gabriel Da Cachoeira,BR,2022-07-10 19:21:33,-0.1303,-67.0892,85.8,70,40,4.61
443,Moussoro,TD,2022-07-10 19:21:34,13.6408,16.4901,90.41,42,89,13.06
444,Sibolga,ID,2022-07-10 19:21:34,1.7427,98.7792,76.28,90,99,1.9
445,Kahului,US,2022-07-10 19:19:41,20.8947,-156.47,82.42,65,20,23.02
446,Katsuura,JP,2022-07-10 19:21:35,35.1333,140.3,74.32,94,7,0.98
447,Biak,ID,2022-07-10 19:21:35,-0.9131,122.8766,73.4,90,100,5.44
448,Chapais,CA,2022-07-10 19:21:36,49.7834,-74.8492,78.58,23,100,12.24
449,Skibbereen,IE,2022-07-10 19:21:36,51.55,-9.2667,68.11,81,0,8.66
450,Mercedes,AR,2022-07-10 19:21:36,-34.6515,-59.4307,63.03,83,100,13.49
451,Inta,RU,2022-07-10 19:21:37,66.0317,60.1659,58.75,65,53,7.92
452,Ramos Arizpe,MX,2022-07-10 19:21:37,25.55,-100.9667,91.13,30,0,6.91
453,Miracema Do Tocantins,BR,2022-07-10 19:21:37,-9.5618,-48.3967,93.88,21,7,6.82
454,Biltine,TD,2022-07-10 19:21:38,14.5333,20.9167,92.62,18,28,0.96
455,Karpogory,RU,2022-07-10 19:21:38,64.0019,44.4451,66.83,54,95,4.14
456,Celestun,MX,2022-07-10 19:21:38,20.8667,-90.4,87.28,62,89,9.51
457,Puyang,CN,2022-07-10 19:21:39,29.4603,119.8861,82.9,80,100,3.13
458,Umm Kaddadah,SD,2022-07-10 19:21:39,13.6017,26.6876,89.87,38,37,10.18
459,Muhos,FI,2022-07-10 19:21:40,64.808,25.9931,62.38,96,100,4.23
460,Tlancualpican,MX,2022-07-10 19:21:40,18.4333,-98.7,91.11,32,1,4.92
461,Mana,GF,2022-07-10 19:22:41,5.6592,-53.7767,79.77,86,71,8.95
462,Te Anau,NZ,2022-07-10 19:19:49,-45.4167,167.7167,30.04,93,100,0.6
463,Ossora,RU,2022-07-10 19:22:41,59.2353,163.0719,62.65,73,0,2.82
464,Voyvozh,RU,2022-07-10 19:22:41,62.892,54.9635,62.29,64,27,4.5
465,Kirakira,SB,2022-07-10 19:22:42,-10.4544,161.9205,78.13,81,42,2.66
466,Kattivakkam,IN,2022-07-10 19:22:42,13.2167,80.3167,86.09,73,100,14.94
467,Nadym,RU,2022-07-10 19:22:43,65.5333,72.5167,55.6,77,5,9.48
468,High Rock,BS,2022-07-10 19:22:43,26.6208,-78.2833,87.82,68,1,10.2
469,Gravdal,NO,2022-07-10 19:22:43,68.1214,13.5031,53.96,78,9,5.1
470,Jaru,BR,2022-07-10 19:22:44,-10.4389,-62.4664,96.21,28,4,1.23
471,Asfi,MA,2022-07-10 19:22:44,32.2994,-9.2372,77.94,63,14,10.38
472,Rundu,NA,2022-07-10 19:22:44,-17.9333,19.7667,60.08,35,0,3.36
473,Capinopolis,BR,2022-07-10 19:22:45,-18.6819,-49.5697,85.28,23,7,8.37
474,Kuching,MY,2022-07-10 19:22:45,1.55,110.3333,78.22,100,20,1.14
475,Abnub,EG,2022-07-10 19:22:46,27.2696,31.1511,95.22,26,5,9.95
476,Bon Accord,CA,2022-07-10 19:22:46,53.8335,-113.4187,72.79,59,6,14.18
477,Tisul,RU,2022-07-10 19:22:46,55.7611,88.3122,63.23,91,39,4.85
478,Benguela,AO,2022-07-10 19:22:47,-12.5763,13.4055,68.04,87,6,1.23
479,Sagarejo,GE,2022-07-10 19:22:47,41.734,45.3315,77.43,40,6,7.31
480,San Jose,US,2022-07-10 19:22:07,37.3394,-121.895,91.92,44,0,5.75
481,Kangaatsiaq,GL,2022-07-10 19:22:48,68.3065,-53.4641,38.55,85,99,8.97
482,Mundra,IN,2022-07-10 19:22:48,22.85,69.7333,81.97,84,100,15.32
483,Magadan,RU,2022-07-10 19:22:48,59.5667,150.8,58.01,82,76,2.1
484,Peplos,GR,2022-07-10 19:22:49,40.9583,26.2656,74.46,47,97,3.67
485,Jawa,JO,2022-07-10 19:18:11,31.8525,35.9393,71.91,64,0,11.5
486,Bridlington,GB,2022-07-10 19:22:49,54.0831,-0.1919,67.93,83,97,8.63
487,Berdigestyakh,RU,2022-07-10 19:22:50,62.0989,126.6992,54.81,95,100,4.09
488,Batagay-Alyta,RU,2022-07-10 19:22:50,67.8006,130.4114,54.34,81,95,1.79
489,Lakes Entrance,AU,2022-07-10 19:22:50,-37.8811,147.981,44.02,76,100,6.31
490,Sur,OM,2022-07-10 19:22:51,22.5667,59.5289,84.06,78,100,17.83
491,Touros,BR,2022-07-10 19:19:02,-5.1989,-35.4608,78.75,80,11,17.67
492,Tabory,RU,2022-07-10 19:22:51,58.5198,64.5495,67.86,81,100,4.43
493,Dunhua,CN,2022-07-10 19:22:52,43.3725,128.2425,61.21,92,99,5.41
494,Kankaanpaa,FI,2022-07-10 19:22:52,61.8,22.4167,61.56,75,66,4.61
495,Plover,US,2022-07-10 19:18:46,44.4564,-89.544,83.84,36,0,12.66
496,Kushiro,JP,2022-07-10 19:22:52,42.975,144.3747,60.21,99,100,10.42
497,Perelyub,RU,2022-07-10 19:22:53,51.8667,50.3667,70.52,69,37,11.9
498,Vila Franca Do Campo,PT,2022-07-10 19:22:53,37.7167,-25.4333,72.19,68,46,6.04
499,Nemuro,JP,2022-07-10 19:22:54,43.3236,145.575,58.57,100,100,8.63
500,Izhma,RU,2022-07-10 19:22:54,65.0083,53.9113,63.28,57,22,5.06
501,Houma,US,2022-07-10 19:21:04,29.5958,-90.7195,93.99,58,100,9.33
502,Puerto Escondido,MX,2022-07-10 19:22:54,15.85,-97.0667,88.63,55,40,8.05
503,Kita,ML,2022-07-10 19:22:55,13.0349,-9.4895,85.93,58,100,5.3
504,Sheregesh,RU,2022-07-10 19:22:55,52.9209,87.9869,56.55,67,0,4.07
505,Benghazi,LY,2022-07-10 19:22:56,32.1167,20.0667,78.85,65,0,16.75
506,Srikakulam,IN,2022-07-10 19:22:56,18.3,83.9,80.28,84,39,6.93
507,Buenos Aires,AR,2022-07-10 19:18:06,-34.6132,-58.3772,62.98,83,75,10.36
508,Sidi Ali,DZ,2022-07-10 19:22:56,36.0998,0.4206,79.25,50,0,11.32
509,Tongliao,CN,2022-07-10 19:22:57,43.6125,122.2653,68.83,72,53,7.63
510,Kaka,TM,2022-07-10 19:22:57,37.3482,59.6143,84.47,15,0,1.14
511,Portree,GB,2022-07-10 19:23:58,57.4129,-6.1942,60.53,84,87,7.29
512,Nizhnyaya Tavda,RU,2022-07-10 19:23:58,57.6731,66.1725,68.11,83,95,5.14
513,Dulce Nombre De Culmi,HN,2022-07-10 19:23:58,15.1,-85.5333,88.03,66,51,4.47
514,Kolo,PL,2022-07-10 19:23:59,52.2002,18.6387,54.75,87,10,7.94
515,Ati,TD,2022-07-10 19:23:59,13.2154,18.3353,97.23,24,90,1.54
516,Oum Hadjer,TD,2022-07-10 19:24:00,13.2954,19.6966,92.97,29,51,2.39
517,Mastung,PK,2022-07-10 19:24:00,29.7994,66.845,76.6,60,100,4.07
518,Carman,CA,2022-07-10 19:19:25,49.4992,-98.0016,80.94,54,100,10.36
519,Handan,CN,2022-07-10 19:24:01,36.6006,114.4678,72.52,74,91,4.74
520,Mastic Beach,US,2022-07-10 19:24:01,40.7668,-72.8521,83.16,57,0,9.22
521,Vestmanna,FO,2022-07-10 19:24:02,62.1564,-7.1664,49.12,100,100,12.66
522,Xai-Xai,MZ,2022-07-10 19:24:02,-25.0519,33.6442,67.1,57,0,8.12
523,Ilulissat,GL,2022-07-10 19:24:03,69.2167,-51.1,42.82,87,75,3.44
524,Escanaba,US,2022-07-10 19:22:09,45.7453,-87.0646,84.51,67,0,14.0
525,Santa Isabel Do Rio Negro,BR,2022-07-10 19:24:03,-0.4139,-65.0192,82.81,84,57,1.03
526,Port-Gentil,GA,2022-07-10 19:24:04,-0.7193,8.7815,71.56,83,20,9.22
527,Mbandaka,CD,2022-07-10 19:24:04,0.0487,18.2603,77.41,61,77,1.34
528,Coahuayana,MX,2022-07-10 19:24:05,18.7333,-103.6833,91.9,52,77,6.17
529,Bonavista,CA,2022-07-10 19:24:05,48.6499,-53.1147,61.09,66,96,15.46
530,Hamilton,US,2022-07-10 19:21:55,39.1834,-84.5333,87.75,55,20,9.22
531,Tesalia,CO,2022-07-10 19:24:06,2.4859,-75.7292,80.74,60,18,5.53
532,Chisec,GT,2022-07-10 19:24:06,15.8167,-90.2833,91.63,52,69,4.5
533,Comodoro Rivadavia,AR,2022-07-10 19:24:06,-45.8667,-67.5,35.46,80,75,13.8
534,Merauke,ID,2022-07-10 19:20:10,-8.4667,140.3333,76.28,89,100,12.21
535,Genoa,IT,2022-07-10 19:24:07,44.4129,8.9573,79.09,66,0,3.44
536,Kharp,RU,2022-07-10 19:24:07,66.8014,65.8081,54.86,78,7,3.44
537,Shingu,JP,2022-07-10 19:24:08,33.7333,135.9833,74.43,91,20,3.38
538,Yining,CN,2022-07-10 19:24:08,29.0361,114.5636,79.75,88,11,2.24
539,Kenora,CA,2022-07-10 19:23:12,49.8167,-94.4337,81.57,74,75,12.66
540,Muana,BR,2022-07-10 19:24:09,-1.5283,-49.2167,91.18,40,26,2.13
541,Mampong,GH,2022-07-10 19:24:09,7.0627,-1.4001,70.32,96,58,4.0
542,Dunedin,NZ,2022-07-10 19:24:10,-45.8742,170.5036,39.79,74,80,1.01
543,Scarborough,GB,2022-07-10 19:24:10,54.2797,-0.4044,67.57,75,94,11.01
544,Preobrazheniye,RU,2022-07-10 19:24:10,42.9019,133.9064,64.33,90,100,3.74
545,Kaputa,ZM,2022-07-10 19:24:11,-8.4689,29.6619,68.31,46,5,3.11
546,Santa Cruz,BO,2022-07-10 19:24:11,-17.8,-63.1667,89.65,40,75,28.77
547,Zelenchukskaya,RU,2022-07-10 19:24:12,43.858,41.5894,65.55,84,64,5.41
548,Nikolayevsk-Na-Amure,RU,2022-07-10 19:24:12,53.1406,140.73,69.37,88,100,3.69
549,Olafsvik,IS,2022-07-10 19:24:13,64.8945,-23.7142,50.63,92,100,8.88
550,Encruzilhada Do Sul,BR,2022-07-10 19:24:13,-30.5439,-52.5219,68.72,80,100,6.69
551,Middletown,US,2022-07-10 19:24:13,39.5151,-84.3983,87.4,53,0,32.99
552,Hervey Bay,AU,2022-07-10 19:24:14,-25.2986,152.8535,55.2,83,2,13.82
553,Mandurah,AU,2022-07-10 19:24:14,-32.55,115.7,54.18,74,10,7.07
554,Komsomolskoye,RU,2022-07-10 19:25:15,55.2567,47.5461,62.94,84,100,3.69
555,Mayo,US,2022-07-10 19:25:15,38.8876,-76.5119,84.94,68,0,5.75
556,Atambua,ID,2022-07-10 19:25:15,-9.1061,124.8925,69.37,85,52,7.18
557,Suntar,RU,2022-07-10 19:25:16,62.1444,117.6319,55.29,96,86,1.43
558,Trebisacce,IT,2022-07-10 19:25:16,39.8708,16.5312,73.35,53,0,2.8
559,Dzerzhinskoye,RU,2022-07-10 19:25:17,56.8344,95.2283,58.82,96,86,3.11
560,Bang Racham,TH,2022-07-10 19:25:17,14.892,100.3173,82.04,82,100,8.81
561,Paka,MY,2022-07-10 19:25:18,4.6374,103.4368,78.73,94,93,0.0
562,Peterhead,GB,2022-07-10 19:25:18,57.5058,-1.7981,60.46,90,14,9.51
563,Cabra,ES,2022-07-10 19:25:19,37.4725,-4.4421,87.98,25,0,11.61
564,Palauig,PH,2022-07-10 19:25:19,15.435,119.9045,80.85,81,92,6.85
565,Price,US,2022-07-10 19:21:30,39.5994,-110.8107,92.46,10,0,5.75
566,Chumikan,RU,2022-07-10 19:25:20,54.7183,135.315,51.13,100,100,3.27
567,Oistins,BB,2022-07-10 19:23:10,13.0667,-59.5333,86.09,70,40,20.71
568,Shush,IR,2022-07-10 19:25:20,32.1942,48.2436,103.78,13,0,14.27
569,Rocha,UY,2022-07-10 19:25:21,-34.4833,-54.3333,76.33,65,94,10.63
570,Krasnoborsk,RU,2022-07-10 19:25:21,61.5598,45.934,67.1,73,89,5.53
571,Penzance,GB,2022-07-10 19:25:22,50.1186,-5.5371,68.68,73,0,8.95
572,Shasta Lake,US,2022-07-10 19:25:22,40.6804,-122.3708,97.95,25,0,4.0
573,Port Moresby,PG,2022-07-10 19:25:22,-9.4431,147.1797,76.42,88,75,11.5
574,Sorland,NO,2022-07-10 19:25:23,67.667,12.6934,55.26,82,11,6.24
575,Kudahuvadhoo,MV,2022-07-10 19:25:23,2.6708,72.8944,82.33,75,100,8.52
